scenario,method,truth_collision_step,collision,first_collision,overlap,collision_pairs,first_overlap,overlap_count,first_warning,severity,wp_coll,wp_total,warning_frames,frames
BS1_blind_rand42,Innov-NONE,46,0,-1,0,,-1,0,29,0.0,61,2200,191,220
BS1_blind_rand42,Innov-V,46,0,-1,0,,-1,0,29,0.0,61,2200,191,220
BS1_blind_rand42,Innov-D,46,0,-1,0,,-1,0,29,0.0,61,2200,53,220
BS1_blind_rand42,Innov-M,46,0,-1,0,,-1,0,29,0.0,61,2200,191,220
BS1_blind_rand42,Innov-H,46,0,-1,0,,-1,0,29,0.0,3,2200,191,220
BS1_blind_rand42,Innov-V+D,46,0,-1,0,,-1,0,29,0.0,61,2200,53,220
BS1_blind_rand42,Innov-V+M,46,0,-1,0,,-1,0,29,0.0,61,2200,191,220
BS1_blind_rand42,Innov-V+H,46,0,-1,0,,-1,0,29,0.0,3,2200,191,220
BS1_blind_rand42,Innov-D+M,46,0,-1,0,,-1,0,29,0.0,61,2200,47,220
BS1_blind_rand42,Innov-D+H,46,0,-1,0,,-1,0,29,0.0,0,2200,64,220
BS1_blind_rand42,Innov-M+H,46,0,-1,0,,-1,0,29,0.0,0,2200,191,220
BS1_blind_rand42,Innov-V+D+M+H,46,0,-1,0,,-1,0,29,0.0,0,2200,67,220
BS1_nonblind_rand42,Innov-NONE,46,0,-1,0,,-1,0,26,0.0,61,2200,161,220
BS1_nonblind_rand42,Innov-V,46,0,-1,0,,-1,0,26,0.0,64,2200,160,220
BS1_nonblind_rand42,Innov-D,46,0,-1,0,,-1,0,26,0.0,64,2200,79,220
BS1_nonblind_rand42,Innov-M,46,1,74,0,bg_42_0+ego;bg_42_1+ego,-1,0,26,5.989372239762396,110,2200,115,220
BS1_nonblind_rand42,Innov-H,46,0,-1,0,,-1,0,26,0.0,2,2200,164,220
BS1_nonblind_rand42,Innov-V+D,46,0,-1,0,,-1,0,26,0.0,64,2200,79,220
BS1_nonblind_rand42,Innov-V+M,46,1,74,0,bg_42_0+ego;bg_42_1+ego,-1,0,26,5.989372239762396,111,2200,115,220
BS1_nonblind_rand42,Innov-V+H,46,0,-1,0,,-1,0,26,0.0,2,2200,164,220
BS1_nonblind_rand42,Innov-D+M,46,1,74,0,bg_42_0+ego;bg_42_1+ego,-1,0,26,6.131683266110481,114,2200,80,220
BS1_nonblind_rand42,Innov-D+H,46,0,-1,0,,-1,0,26,0.0,2,2200,87,220
BS1_nonblind_rand42,Innov-M+H,46,1,82,0,bg_42_0+ego,-1,0,26,8.666682150783945,0,2200,115,220
BS1_nonblind_rand42,Innov-V+D+M+H,46,1,82,0,bg_42_0+ego,-1,0,26,8.666682150783945,0,2200,91,220
BS2_blind_rand42,Innov-NONE,25,0,-1,0,,-1,0,3,0.0,0,2200,127,220
BS2_blind_rand42,Innov-V,25,0,-1,0,,-1,0,3,0.0,0,2200,127,220
BS2_blind_rand42,Innov-D,25,0,-1,0,,-1,0,3,0.0,0,2200,65,220
BS2_blind_rand42,Innov-M,25,1,16,1,attacker_rear+ego;bg_42_2+ego;bg_42_1+ego;bg_42_3+ego,16,1,3,9.085623855642392,0,2200,131,220
BS2_blind_rand42,Innov-H,25,0,-1,0,,-1,0,3,0.0,0,2200,132,220
BS2_blind_rand42,Innov-V+D,25,0,-1,0,,-1,0,3,0.0,0,2200,65,220
BS2_blind_rand42,Innov-V+M,25,1,16,1,attacker_rear+ego;bg_42_2+ego;bg_42_1+ego;bg_42_3+ego,16,1,3,9.085623855642392,0,2200,131,220
BS2_blind_rand42,Innov-V+H,25,0,-1,0,,-1,0,3,0.0,0,2200,130,220
BS2_blind_rand42,Innov-D+M,25,1,16,1,attacker_rear+ego;bg_42_1+ego;bg_42_3+ego;bg_42_2+ego,16,1,3,9.031673280096797,764,2200,205,220
BS2_blind_rand42,Innov-D+H,25,0,-1,0,,-1,0,3,0.0,0,2200,86,220
BS2_blind_rand42,Innov-M+H,25,0,-1,0,,-1,0,3,0.0,0,2200,131,220
BS2_blind_rand42,Innov-V+D+M+H,25,0,-1,0,,-1,0,3,0.0,0,2200,88,220
BS2_nonblind_rand42,Innov-NONE,25,0,-1,0,,-1,0,0,0.0,0,2200,92,220
BS2_nonblind_rand42,Innov-V,25,0,-1,0,,-1,0,0,0.0,0,2200,93,220
BS2_nonblind_rand42,Innov-D,25,0,-1,0,,-1,0,0,0.0,0,2200,38,220
BS2_nonblind_rand42,Innov-M,25,1,26,1,attacker_rear+ego,27,1,0,1.3208050679479264,10,2200,206,220
BS2_nonblind_rand42,Innov-H,25,0,-1,0,,-1,0,0,0.0,0,2200,107,220
BS2_nonblind_rand42,Innov-V+D,25,0,-1,0,,-1,0,0,0.0,0,2200,39,220
BS2_nonblind_rand42,Innov-V+M,25,1,26,1,attacker_rear+ego,27,1,0,1.3208050679479264,10,2200,206,220
BS2_nonblind_rand42,Innov-V+H,25,0,-1,0,,-1,0,0,0.0,0,2200,107,220
BS2_nonblind_rand42,Innov-D+M,25,1,26,1,attacker_rear+ego,27,1,0,1.3208050679479264,10,2200,189,220
BS2_nonblind_rand42,Innov-D+H,25,0,-1,0,,-1,0,0,0.0,0,2200,53,220
BS2_nonblind_rand42,Innov-M+H,25,0,-1,0,,-1,0,0,0.0,0,2200,182,220
BS2_nonblind_rand42,Innov-V+D+M+H,25,0,-1,0,,-1,0,0,0.0,0,2200,60,220
BS3_blind_rand42,Innov-NONE,49,0,-1,0,,-1,0,8,0.0,17,2200,183,220
BS3_blind_rand42,Innov-V,49,0,-1,0,,-1,0,8,0.0,17,2200,183,220
BS3_blind_rand42,Innov-D,49,1,35,1,attacker_rear+ego,35,1,27,6.799962533391883,10,2200,193,220
BS3_blind_rand42,Innov-M,49,0,-1,0,,-1,0,8,0.0,47,2200,207,220
BS3_blind_rand42,Innov-H,49,0,-1,0,,-1,0,8,0.0,0,2200,183,220
BS3_blind_rand42,Innov-V+D,49,1,35,1,attacker_rear+ego,35,1,27,6.799962533391883,10,2200,193,220
BS3_blind_rand42,Innov-V+M,49,0,-1,0,,-1,0,8,0.0,47,2200,207,220
BS3_blind_rand42,Innov-V+H,49,0,-1,0,,-1,0,8,0.0,0,2200,183,220
BS3_blind_rand42,Innov-D+M,49,0,-1,0,,-1,0,27,0.0,47,2200,44,220
BS3_blind_rand42,Innov-D+H,49,1,35,1,attacker_rear+ego,35,1,27,6.799962533391883,0,2200,193,220
BS3_blind_rand42,Innov-M+H,49,0,-1,0,,-1,0,8,0.0,0,2200,66,220
BS3_blind_rand42,Innov-V+D+M+H,49,0,-1,0,,-1,0,26,0.0,0,2200,40,220
BS3_nonblind_rand42,Innov-NONE,49,0,-1,0,,-1,0,9,0.0,25,2200,141,220
BS3_nonblind_rand42,Innov-V,49,0,-1,0,,-1,0,9,0.0,26,2200,140,220
BS3_nonblind_rand42,Innov-D,49,1,32,1,attacker_rear+ego,32,1,22,5.3252510963654105,13,2200,198,220
BS3_nonblind_rand42,Innov-M,49,0,-1,0,,-1,0,9,0.0,0,2200,88,220
BS3_nonblind_rand42,Innov-H,49,0,-1,0,,-1,0,9,0.0,0,2200,141,220
BS3_nonblind_rand42,Innov-V+D,49,1,32,1,attacker_rear+ego,32,1,22,5.3252510963654105,13,2200,198,220
BS3_nonblind_rand42,Innov-V+M,49,0,-1,0,,-1,0,9,0.0,0,2200,88,220
BS3_nonblind_rand42,Innov-V+H,49,0,-1,0,,-1,0,9,0.0,0,2200,141,220
BS3_nonblind_rand42,Innov-D+M,49,0,-1,0,,-1,0,22,0.0,0,2200,30,220
BS3_nonblind_rand42,Innov-D+H,49,1,32,1,attacker_rear+ego,32,1,22,5.3252510963654105,2,2200,198,220
BS3_nonblind_rand42,Innov-M+H,49,0,-1,0,,-1,0,9,0.0,0,2200,19,220
BS3_nonblind_rand42,Innov-V+D+M+H,49,0,-1,0,,-1,0,22,0.0,0,2200,12,220
BS4_blind_rand42,Innov-NONE,50,0,-1,0,,-1,0,12,0.0,0,2200,80,220
BS4_blind_rand42,Innov-V,50,0,-1,0,,-1,0,12,0.0,0,2200,80,220
BS4_blind_rand42,Innov-D,50,0,-1,0,,-1,0,26,0.0,0,2200,72,220
BS4_blind_rand42,Innov-M,50,1,13,1,blk_right+ego;attacker_rear+ego,13,2,12,3.1221043668010955,116,2200,200,220
BS4_blind_rand42,Innov-H,50,0,-1,0,,-1,0,12,0.0,0,2200,80,220
BS4_blind_rand42,Innov-V+D,50,0,-1,0,,-1,0,26,0.0,0,2200,71,220
BS4_blind_rand42,Innov-V+M,50,1,13,1,blk_right+ego;attacker_rear+ego,13,2,12,3.1221043668010955,116,2200,200,220
BS4_blind_rand42,Innov-V+H,50,0,-1,0,,-1,0,12,0.0,0,2200,80,220
BS4_blind_rand42,Innov-D+M,50,1,13,1,blk_right+ego,13,1,36,2.0,0,1530,5,153
BS4_blind_rand42,Innov-D+H,50,0,-1,0,,-1,0,26,0.0,0,2200,166,220
BS4_blind_rand42,Innov-M+H,50,0,-1,0,,-1,0,12,0.0,0,2200,84,220
BS4_blind_rand42,Innov-V+D+M+H,50,0,-1,0,,-1,0,26,0.0,0,2200,173,220
BS4_nonblind_rand42,Innov-NONE,50,0,-1,0,,-1,0,12,0.0,46,2200,105,220
BS4_nonblind_rand42,Innov-V,50,0,-1,0,,-1,0,12,0.0,46,2200,105,220
BS4_nonblind_rand42,Innov-D,50,0,-1,0,,-1,0,22,0.0,56,2200,75,220
BS4_nonblind_rand42,Innov-M,50,1,13,1,blk_right+ego;attacker_rear+ego,13,2,12,2.872666251064631,12,2200,189,220
BS4_nonblind_rand42,Innov-H,50,0,-1,0,,-1,0,12,0.0,1,2200,116,220
BS4_nonblind_rand42,Innov-V+D,50,0,-1,0,,-1,0,22,0.0,57,2200,75,220
BS4_nonblind_rand42,Innov-V+M,50,1,13,1,blk_right+ego;attacker_rear+ego,13,2,12,2.872666251064631,12,2200,189,220
BS4_nonblind_rand42,Innov-V+H,50,0,-1,0,,-1,0,12,0.0,2,2200,116,220
BS4_nonblind_rand42,Innov-D+M,50,1,13,1,blk_right+ego;bg_42_2+ego,13,1,22,4.981191857351019,293,2200,146,220
BS4_nonblind_rand42,Innov-D+H,50,0,-1,0,,-1,0,22,0.0,1,2200,91,220
BS4_nonblind_rand42,Innov-M+H,50,0,-1,0,,-1,0,12,0.0,0,2200,120,220
BS4_nonblind_rand42,Innov-V+D+M+H,50,0,-1,0,,-1,0,22,0.0,0,2200,75,220
